,A,C,D,E,F,G,H,I,K,L,M,N,P,Q,R,S,T,V,W,Y,X
1,-0.055390981373794,0.104905051360097,0.0719878146419461,-0.00642039193430585,0.102304515324817,0.0847083024645205,0.0942355952477853,0.0953422072504543,0.0525930002728859,0.0672625825791564,0.0612943265677582,0.0905354736513022,0,0.0595996696513544,0.0594243249284703,0.0316325826772241,0.0226299926209629,0.069834931805903,0.104397079189259,0.102088063866618,0.106125554724606
2,-0.0583877239105439,0.0463322002776006,0.0127063099130288,-0.0930743616353317,0.0448650876526512,0.0393713325532192,0.0392963329966778,0.0358273890565623,0.0030071802487515,0.0150808709651278,0.0235960072506038,0.0392517347855999,-0.239319698166715,0.00226377410403366,-0.00947669023925045,0.0121892549110859,0,0.0129517286372528,0.0454122165213181,0.0448124333569256,0.0464707499250072
3,0.0355110260070502,0.0372781240575024,0.0394622776566039,0.0140687419339459,0.0403885571375397,0.0398086422279092,0.0393748532742191,0,-0.160588250544712,-0.0589491338491677,0.00447334930171503,0.0391226082355679,0.0218121366528694,0.0282382643188334,-0.115240237232433,0.0366579420238578,-0.203755861103001,-0.0332307377677107,0.0401045480993795,0.0387630055629838,0.0404357457895449
4,0.651482199528874,0.690939113921777,0.671657892581228,0.667475725814861,0.691721051278603,0.685308780469814,0.68730429205011,0.690707068994306,0.672713127808016,0.683659629338901,0.688387741338703,0.686914286014522,0,0.683580441294484,0.677795779754793,0.634534682868273,0.674840571944769,0.690096261232683,0.69141927913496,0.691532796138432,0.691200674681941
5,0.891139926535603,0.891787739487532,0.891781999419232,0.891367763929742,0.892584762227915,0.891454651777856,0.891834600233549,0.884997366124719,0.888933436891536,0,0.891483973098842,0.891974880221961,0.890534548801922,0.89163161083912,0.887655171707805,0.891498092530497,0.88954200735151,0.88083878293271,0.891486260817319,0.89182491057769,0.890864657616028
6,-0.182993133613782,0.0667051507183224,0.0159904387080703,-0.0370730516004073,0.0669360937225466,-0.0827924218572147,0.0504629073313256,0.0605753951082932,0.0315112968858449,0.0526097991687334,0.0672881141198999,0.0590281130079491,0.0543678116483953,0.0147582529856196,-0.0390933765193221,0,0.0582942472437108,0.0598739512919694,0.0654727728100309,0.0646771561147397,0.0681360298489959
7,-0.0725275905058371,0.0272001487557051,-0.097278032666861,-0.239085265443122,0.0264304226452461,0.0229536053620097,0.0205105272668878,0.0159849336815671,-0.0290448531751612,-0.0043628277742682,0.0210312693559927,0.00914898021678416,0.0292623830275316,-0.0415071709685724,0,-0.0263109786325434,-0.0327815979806113,-0.0181453594225336,0.0273915323948201,0.0249942360912861,0.0288223215013882
8,0.557289453127047,0.575589159365407,0.57282940302736,0.565835194640519,0.578526919109117,0.578989573342208,0.556002733560037,0.529333410702889,0.5673593977359,0,0.557377136311903,0.579487793930034,0.580379403509351,0.562106715709273,0.554015182820205,0.57239717513874,0.568954471943457,0.493994770676299,0.574339654728174,0.573403938404118,0.580300422888084
9,0.693861050034032,0.685645484493739,0.695068036937064,0.695404001113948,0,0.694648493394496,0.691129718166308,0.69471467473207,0.694571531222749,0.694535516262033,0.688378521572108,0.693605332806883,0.694011141045121,0.695027587287127,0.694178781480194,0.69427411984824,0.694104822505721,0.693152519968977,0.694562881236302,0.499511229494774,0.69436610645557
10,0.425453337329449,0.48816679546552,0,0.384037144795101,0.48804661132142,0.481843597887404,0.482990699590179,0.485106460225069,0.469921899134895,0.477305141582685,0.488791714071702,0.450073443253165,0.490006943294993,0.474536702394198,0.416490707813261,0.471407316329032,0.454407214531304,0.47468795084138,0.488489903754666,0.487498676524277,0.489493828708521
11,-0.11923029708066,0.0166953551198733,-0.0256367311973002,-0.178592976132101,0.016784600395595,0.00453283216710679,0.00511068442644885,0.00867412035361574,-0.078986547175726,-0.00506795811997159,0.0119288558556058,0,0.0184007720648413,-0.0722823128714655,-0.150224937833473,-0.0257014826138015,-0.0152591226868806,0.00174021968953308,0.0172565557238735,0.0152809088549917,0.0180451276706548
12,0,0.494377552423793,0.520506637359469,0.51800957592341,0.517791788299822,0.517512210078446,0.519334567323161,0.519558924757297,0.519546907325485,0.202145901712321,0.518474315556904,0.519552869177198,0.518006206790739,0.520084548792755,0.518999789017781,0.512131246072408,0.489185175263354,0.517093626134762,0.51901165696378,0.520080899845632,0.519184764721109
13,0.0207896175561457,0.0150474144047662,0.0197686974009159,-0.038537569636989,0.0220971720703443,0.0215346727166777,0.0217082922974107,-0.113525206471246,0.0216594728713562,-0.587824839054426,0,0.0200348421899473,0.0225808231793696,0.00686138019579946,0.0185686873635372,0.0190858142623535,0.0099860181872961,-0.00251428509072934,0.0220879205437681,0.0193266237191663,0.0218034195288484
14,-0.133767792615056,0.0142769258616352,-0.053903255493959,-0.108353411605261,0.0103590658812103,-0.0283303286679506,-0.00428536442023259,0.00774164025298547,-0.107319061109339,0,0.008264988510794,-0.0228012057773938,0.0165129896634262,-0.0386415964543827,-0.0529343356862115,-0.0684367548788332,-0.0511015122085415,0.00377691550775153,0.0151661064158334,0.00387872003761483,0.0160975132089465
15,-0.0304244947018212,0.011605901288766,0.0253549369239481,-0.0342116391639368,0.0352237535159875,0.0363743243584574,0.0166666530622265,-0.026612737283083,-0.00920151507117942,-0.108603700358034,0.035493463218338,0.0138078034394714,0.0378335034234759,-0.00448109929751936,0,0.0154864892555567,-0.149693503269883,-0.0947479221038854,0.034796090225418,0.0292718359849579,0.0370277995904088
16,0,0.82917902006499,0.847618112012943,0.846590029098216,0.844670478343142,0.836659809020828,0.847580104067612,0.847794790755794,0.84805733059408,0.846615861807945,0.845720323569322,0.847879488483743,0.847786469751893,0.848156934151083,0.848055821025672,0.812408143792655,0.844647406230081,0.845203373424487,0.848125690465398,0.849199718619457,0.84707293758716
17,-0.113640183211604,0.00389215047290916,-0.0225747278756821,-0.31631160719909,0.00324609677585361,-0.013213371074962,0,0.0043644600894963,-0.0748058489008883,-0.00566125881179713,0.00369321272708932,-0.00867752784007691,0.00626619164180895,-0.0440394668094333,-0.0824412933406082,-0.0948422529774077,-0.0448476053393098,0.00250467684681656,0.00454747103547968,0.000624381404401247,0.00615106751162827
18,0.0688922653890126,0.118520020068223,0.114091874894085,0.0272205696734414,0.123522623659625,0.119016002541342,0.118982782360216,0.116969001707386,-0.0402004415052748,0.0298553007010685,0.113799180713118,0.108273410986617,0.124587610585065,0.0267836073351423,0,0.0800752250769233,-0.0509432743266264,0.118439345005363,0.12380170622339,0.122627921808921,0.124208031479675
19,0.647151765056427,0.667856346147412,0.66948863328087,0.669127637129072,0.667972581166103,0.666365976679504,0.669439186129266,0.532878103434856,0.670350774858428,0,0.618350096338276,0.666770448900596,0.67028777672181,0.668352779663274,0.668784003810447,0.665916944270907,0.667412170990913,0.65997862024333,0.669596408938191,0.669602043581206,0.669613940579337
20,-0.167134240847396,-0.00115326543250635,-0.0146366376073581,-0.138678930332291,0.00836319728513399,0.0149934180635993,0,0.0192734073246249,-0.0802592880220543,-0.0148281419388223,0.00345411862640762,-0.0298802500536435,0.0194538147197288,-0.0392038558834249,-0.0848920188573416,-0.0506260380764289,0.00593111224530906,0.0148153539878874,0.0167112891289716,-0.0101973569757364,0.0189534178501431
21,0.0302989278773175,0.0589732606863926,0.0254221826907087,-0.0214465558439562,0.0409320188455945,0.0439369254599534,0.0332971198736681,0.0481285383407764,-0.167931276942199,0.0370248543604155,0.0544738425175216,-0.0310997699860912,0.0611905839201465,0,-0.0566571347546864,0.00866918769010076,0.0175570627635095,0.0451018764324047,0.0558197552213818,0.0226252022131759,0.0607510245752848
22,0.589269585869629,0.596540333507154,0.591196592460623,0.589133931671823,0.568728819513477,0.597340091761608,0.591980642492323,0.488504707091101,0.578901162677048,0,0.563488973303074,0.590818699253795,0.598125962751821,0.575417698500222,0.591752397898055,0.594133403139335,0.595301407089412,0.58956540227576,0.583720989494592,0.564594894966975,0.597639656656576
23,0,0.596827132316355,0.621287036608706,0.623601422894107,0.573992806495715,0.604706387626171,0.62310633047423,0.623738786343748,0.621858833869632,0.622018320109486,0.600172210527643,0.621426896063572,0.624139153230185,0.623448627541735,0.620750148189066,0.509173719840773,0.607925029251075,0.62235203527728,0.619264915258954,0.610272011303674,0.624045691641635
24,-0.0491204069242149,0.002552737552838,-0.0213553722366464,-0.0981648779059745,0,-0.00283353412896364,-0.0294731607362233,0.000855276954239167,-0.333138922129982,-0.00786672229634474,0.0017593867883167,-0.0121035154056238,0.00607809722182707,-0.0439409485474778,-0.126808256486003,-0.0563644992615032,-0.0323991051193017,-0.00398089993349331,0.00307652780008836,-0.00460231789211869,0.00519520505709134
25,0.0989664106494701,0.142454561515256,0,-0.0744854825247512,0.137402419767966,0.12726546199555,0.125067892595007,0.131916603931272,0.054919418320745,0.117610826043122,0.135343889185134,0.0906083937861537,0.143994122526998,0.0845587731745904,0.0744624834826453,0.0884694247727225,0.0753137551000029,0.130504335746697,0.140500252914387,0.130275801681701,0.143556230331081
26,0.0370372766162767,0.0363552729448837,0.0363529906271302,0.0370778352501446,-0.0232049028521834,0.041650202332186,-0.000768294454672476,0.0148434111139186,0.0289703402097529,-0.14411585723941,0.032989161792202,0.00822073924604216,0.0423968205395954,0.0298472400776369,0.0211913691083524,0.0297931482386163,0,0.0282963166781965,-0.00453430233766561,-0.338360881261307,0.0415857025393084
27,0.284691017964639,0.282214269349278,0.28705975705635,0.2805261517928,0.190941861507672,0.286841842080081,0.261432325408333,0.288444426854881,0.219414322810576,-0.0471154127434816,0.281941400036074,0.271510012895584,0.288229286086797,0.282309090383081,0.256807853746314,0.283355500086403,0.268884250181722,0.286952523398419,0.281392289088856,0,0.287340868902963
28,0.0270518463960507,0.0967689979189019,-0.0105947474828274,-0.0650312000295135,0.0953738165133327,0.0750479594346242,0.0756996738796276,0.0915182734330142,0.00575479396167376,0.0777035870633923,0.0921643094307659,0.00391830676929507,0.0995536998677822,0,0.0433797938813884,0.0337536676550132,0.0470232436931287,0.0897468771597602,0.0976621084532584,0.0920550029813696,0.0991433364482528
29,0.0071009563414546,0.0380820870582528,-0.0751765709024245,0,0.0386573786677171,0.0397954226586707,0.0366183618603632,-0.0817527780829531,-2.02412394498253e-05,-0.133651504034039,-0.0617322851252759,0.0238749322099682,0.0423725838259438,0.0285101895029135,0.016543757677589,0.0123206997959395,-0.0545652731578544,-0.0226068768445527,0.0403130369278558,0.0352558984262348,0.0419612587046815
30,0.659563715879214,0.660070483213264,0.660723010591285,0.660576139212839,0,0.659825375999988,0.654899603271626,0.659200997002497,0.660979629862754,0.660187331705415,0.66018526067163,0.660251207944199,0.660298807825305,0.660808126142425,0.660634153418388,0.660484671775831,0.660948284219243,0.658647980410369,0.621145795243763,0.452119728022314,0.659643013163313
31,0.0178266209801193,0.0169957562622819,0.0218278662634444,0,0.0216095875351773,0.020738434694077,0.0223396868945221,-0.0355078499757124,-0.426657627166283,0.0167266477456871,0.0132401296425468,0.0195528916576165,0.0223668191975212,-0.000687644903530276,-0.0411733639758395,0.00170273201784136,-0.185826587933338,-0.0438762087641301,0.0219378008615044,0.0207840410333443,0.021593070792592
32,0.114277101650609,0.162709389754495,0.09795324049966,0,0.162339696021164,0.153160595864505,0.150450636831979,0.159985370151973,-0.0858496885758448,0.152077821811558,0.159929524962998,0.0861921387872992,0.164269016968543,0.0919219134246052,0.0818286637873318,0.094498776835349,0.131374514343533,0.159327657996765,0.163554398611063,0.160857029952461,0.163589328627191
33,0,0.0592952017267367,0.015840593772169,-0.284298144760691,0.0658223835030966,0.0534051364497157,0.0564928224689299,0.0567115352771275,0.0234879676522481,-0.0147905069352991,0.0605570400915192,0.00512804784263333,0.0661157992009418,0.0185640399684521,0.0461083977681071,-0.00351900687281252,-0.0106947293640499,0.0571948256285503,0.0654410819002964,0.0616227967227186,0.0659070183164405
34,0.53935643977726,0.53929207650741,0.539821700820966,0.538859887355757,0.288378180255245,0.539378658624007,0.496113523926855,0.540076558012617,0.509465937798637,0.531152056310577,0.537899040394127,0.52787665533057,0.539829685016179,0.538402161521065,0.503632320255561,0.538860150346894,0.539548096696725,0.538927859686525,0.537797067916749,0,0.539136143977623
35,0.650472664128756,0.648944327930467,0.65130027149588,0.651374001605808,0.650801397790361,0.651931416997307,0.651714989224295,0,0.651488515961052,0.644688979279022,0.649067983121625,0.651475950361622,0.651660226847449,0.651230210700262,0.651309783367789,0.651057711311043,0.651334565391798,0.399152074176444,0.651822097914221,0.651414572353494,0.651678615462177
36,0.20940893127588,0.2398734906878,0.0231500051415727,0.14934632680015,0.238234070966591,0.238605849700901,0.20967387937935,0.235345944666368,0.168892537959428,0.22125213944571,0.238959582258348,0.147635730592818,0,0.226637549964704,0.223411644359494,0.20227961171779,0.228013418891207,0.234035296548988,0.240392909685259,0.235365001934771,0.240936590295601
37,-0.0100655014493503,0.0994129704209555,0.0619015067952686,-0.0735534462766997,0.0973288589171324,0.089219973504921,0.0940556106853065,0.0922097196291686,0,0.0841590132334497,0.0970568214668572,0.0925236957480668,-0.173360412932372,0.0642447973643269,0.0581178042283149,0.0540907233124302,0.0793996488599117,0.0795638145156954,0.0986301431860887,0.09718084677258,0.0998142194557344
38,0.356942444451263,0.411097406669567,0.294908658039917,0,0.408221083012961,0.385179997018234,0.395752134447809,0.408435598998928,0.363630084765203,0.402130937920102,0.40887306650371,0.373759808484804,0.411551548154352,0.374342604477264,0.400469550904299,0.321126226037192,0.381272021503209,0.406368170858043,0.407480229164707,0.406145881200064,0.411778649913792
39,0.119786974220581,0.138078210413875,0.0888125913798398,0.0331707834217621,0.131757482357009,0.137467110452672,0.126339876971888,0.136478898558443,-0.142023929834398,-0.00472703612475953,0.104836847756765,0.0953132747219767,0.139521898534677,0,0.0989675797994999,0.111833698096602,0.129696572382521,0.136177064162934,0.137986910824697,0.132225388663935,0.138841660742282
40,0.0995327176816914,0.11180579195845,0.111657691753485,0.0745473570704462,0.0987832011562773,0.111925726020166,0.109841684620007,0.0281246401236324,0,-0.299633672012917,0.0796098145261937,0.111309032053094,0.112962149830514,0.0899152955930408,0.0292005990031776,0.107046275441488,0.106721003374397,0.0621515150314095,0.110949548242155,0.0838231285968196,0.112224432159127
41,-0.133719995443071,0.000945326939306738,-0.117936264913994,-0.211727308860381,0.000115252379186148,-0.013250538769359,-0.00286961665953041,-0.00070658183170107,-0.059427936233803,-0.0117272419054373,-0.00423156184952116,-0.0522672207719096,-0.0543679455466922,-0.132464812695305,-0.00644807094473649,-0.0593779013308468,-0.0220756462458412,-0.00441244371636973,0.00157330813378258,0,0.00134116199268987
42,-0.0322012477883919,0.0886913202121913,0.0101574116868638,-0.0275081264523427,0.0820476155331533,0.0593976463515579,0.0700153710800254,0.0775116107841805,-0.0204413380863313,0.0444734917057862,0.0823767732189547,0.0455435814845984,0.0874272683476992,0.0248259564469243,0.0134292093595598,0,0.0261802474916522,0.0774550546207935,0.0856018112868517,0.0798521738213455,0.0893569965431354
43,0.14225865427982,0.141790227753352,0.143373285905646,0.145466815020754,0,0.144900259638637,0.14291305076099,0.0619193466940037,0.143357824103419,0.112494126870434,0.13541855979344,0.143358847665323,0.145536098357389,0.145001920979352,0.142401851144763,0.144915835910986,0.142160849393933,-0.063078956747179,0.060492969041055,-0.181645259296956,0.144468595822076
44,0.279792503644304,0.325478536187503,0.252282445928685,0.225893104703041,0.304391898412024,0.324834667885161,0.316747122550767,0.319956748327528,0.252032437377966,0,0.289581451857925,0.302623299119418,0.327729822313097,0.293687371703846,0.2492371116252,0.312990833508123,0.322222795740133,0.323745635825171,0.323118860460487,0.301076862573726,0.327839015552914
45,-0.194157457161677,0.077350185839292,0.0472198902008556,-0.017077299140875,0.0769671634395769,0.0660474495554151,0.0722167412029763,0.0779037084107606,-0.0871627772624676,0.0597729428664899,0.0725959936548433,-0.0119892305828413,0.0790440006397513,0,0.0288700611347405,0.00411757060986795,0.0718194939738756,0.0775312452262074,0.0786351686250468,0.0782455828310485,0.0784673262781451
46,0.168757694252501,0.168156931262819,-0.556527624839783,0.158619686684451,0.167943868708453,0.169755008208654,0.161804509630219,0.167350013828741,0.167292164496365,0.165801244395019,0.167905661787941,0,0.168848053710978,0.167186555179222,0.167770367006143,0.168816273991676,0.167780194303607,0.16881019817833,0.1680914943535,0.167117122113549,0.167858852717127
47,0.59926723332422,0.633246777533227,0.618091420767624,0.577829925886643,0.631442072125717,0.629328463861053,0.629703546011849,0.626741130787609,0.586131584434691,0.625276652106589,0.632086831261161,0.62824090170788,0,0.620779619662253,0.615433287486422,0.595224663363929,0.619148319466968,0.622815623422793,0.631832226026214,0.631173632162621,0.633540956405444
48,-0.0886155146884959,0.0243446279542988,-0.00361209310881016,-0.0639581967047033,0.02051800763987,0.00610285520012552,0.0181244845663396,0.0157958028388507,-0.0824632340463505,0.00314832918603106,0.0223198798404563,-0.0183705543248336,0.0261322610776496,0,-0.196336331084226,-0.108487840971521,-0.0286685708182829,0.00921605813351177,0.0248793077908721,0.0200381441060056,0.0257260171029908
49,0.000604784092880634,-0.00594358465466337,0.00455616620737046,0.00403095286174192,0.0050262206088689,0.00531076376413848,0.00632563825683556,-0.575317733012218,0.00518244879554773,0.00311340576990719,-0.0216143620369579,0.00442479526005521,0.00520922623725053,0.00125039195875537,-0.00319325149597301,0.0036364889678798,0,-0.268699078050638,0.00481495260375099,0.00539890659315446,0.00448376695453025
50,0.386733934448594,0.397792629141874,0.401133482759043,0.40285420987592,0.402853269622719,0.402414491925953,0.396776548793188,0.403010443418457,0.389631144119584,0.404009872047278,0.403192900975968,-0.000381391946681464,0.404971003722046,0.400021155942525,0.389219362394832,0,0.393765053177801,0.402374601904237,0.399117017214172,0.396818533861033,0.404699067341909
51,-0.0322981559619957,0.0073303040086695,-0.0313770841972157,-0.0087993837609913,0.00512129559559892,0.00252573988893582,-0.0473361180562156,0.00467314957213087,-0.121569849953033,0,0.000769041721040161,-0.174074111865722,0.0110143176271289,-0.076753671944767,-0.0766797986846008,-0.117330767310703,-0.0701281538046526,0.00750768080409416,0.0103882997859579,0.00401079635188042,0.0102290845569379
52,0.883665313437255,0,0.877216408559073,0.883511107026192,0.884183193435871,0.88379990524166,0.881723046927087,0.882440138946451,0.883611157768419,0.88472473043221,0.884335055554707,0.880811260581624,0.884253792363778,0.883839657336422,0.884206763609945,0.880692116844255,0.883638274777228,0.884615205428914,0.884385087828615,0.883472065318278,0.884255316888727
53,0.0369889452871739,0.0432703888917189,0.0407717165708252,0.0240833712628176,0,0.0411651785173569,0.0112355252727734,0.0308932839283293,-0.100957535839614,0.0356763381547788,0.0397346445580067,0.0388294737873373,-0.35036072958039,0.0234208393094522,-0.0501848631618681,0.0369444189155856,0.0382964857039867,0.0341472855211258,-0.018424178995584,0.00371713491610975,0.0436214124153726
54,-0.0211519525468469,0.0869637978172417,0.0855931786553081,0.0777587308527826,-0.023513932972699,0.0903701581600521,0.013557580645369,0.0299703671284321,0.0917461183773083,0.0497768558427812,0.0609021594380208,0.0881022669541947,0.0936209065741668,0.0784802803387775,0.0912782211276118,0,0.0617838694418071,0.0539235996379716,0.00718677934912046,-0.0498751978879249,0.0927365778402354
55,0.15485127207962,0.172130893484062,-0.19013856894598,0,0.162582653474362,0.164324880935238,0.162083661884561,0.171621557518622,0.16053596833799,0.159073511166825,0.155353815497773,0.148853645513783,0.173397413958205,-0.0384027818668907,0.170049503378314,0.143167853961395,0.166370102218276,0.1713393671882,0.171525442413237,0.160094645781083,0.172607160903391
56,0.0548789283117957,0.0997358077349464,0.00838248326176604,-0.0431152987462157,0.0938922869958154,0.0777211164929862,0.0828060662857206,0.0968873184615684,0.00213881155784121,0.0381014171447603,0.0862905308524324,0.0412752897404653,0.100981499148903,0.00954859013310153,0.0391593741713847,0,0.0345666127462448,0.0952508050919171,0.0994116886643145,0.0923224500294135,0.101092924168553
57,0.0933237922132569,0.0928076195009066,0.0924759012678453,0.0926316486452893,0.0908863343869743,0.0929071851659549,0.0922859100319729,0,0.0928229609730956,-0.660068557011016,0.0807470239328118,0.0926205634277256,0.0930801817302222,0.0923057418856721,0.0926665371033801,0.0926537728290171,0.091837764892437,0.0561825223843603,0.0909508044564272,0.0817191261550997,0.0925805144526244
58,0.0944270525679956,0.149876191764865,-0.0114885813010222,0.0897247132545259,0.148174574911305,0.0850715818503201,0.127211254668559,0.15091213839182,0.0817316423067394,0.139827148862354,0.146304871376471,-0.0116787839429433,0,0.106648658899193,0.108436379113692,0.128670122619909,0.148545226241423,0.149536298080538,0.151328654496319,0.147242059357152,0.151730336746234
59,0.00305888257642778,0.0020210239898632,0.00304531663727146,0.00277146040700124,0.00259472765140102,0.0034692252455442,0.00248615254049786,-0.589241630745635,0.00299504217690699,-0.211207877099609,0.00050589698772461,0.00282435194346944,0.00381033378547596,0.00219831153767602,0.00269879123198826,0.00226606648973267,0,-0.0932788399672615,0.00312568330734425,0.00280840803284762,0.0034181101559989
60,0.851953588944292,0.874040385133165,0.876296573938443,0.876541935390412,0.87604167550142,0.852959561545919,0.876607780694023,0.876062982578821,0.876048029259984,0.876110706794242,0.876111754111718,0.876377607135567,0,0.876774234439408,0.876535176746662,0.875906255258612,0.876195831963079,0.8764417584797,0.875966306583407,0.875805292647015,0.875420326986782
61,-0.0224897139957837,0.0270369214246728,0.0184958151782283,-0.0483878116666846,0.0254969107693772,0.0116214004231411,0.022175219763683,0.0221514261364382,-0.135065905901611,-0.0106219583519496,0.00910951233045856,0.0192670597902129,0.0251857439126722,-0.164165183309159,-0.198587019812135,0,-0.0127167422999434,0.00785931548837933,0.0264445041139713,0.029288110208989,0.0289003328545306
62,0.386006905766466,0.383981828155649,0.171188262151558,0.384286200003742,0.384691181297669,0.382766212950198,0.382164090484075,0.383829119954841,0.384151701221187,0.385441645908386,0.385535856909245,0,0.386078059486473,0.385413492135898,0.38389055888555,0.345710228826523,0.140100348275898,0.382318002865687,0.385870875235969,0.386020110466902,0.385569229938957
63,-0.120687878449424,0.0290668203873789,-0.0564266692961012,-0.234400012357855,0.0258994259396153,0.0200620117192991,0.0229355605100681,0.0196664203885339,0.00955191507582895,0.00324285041323229,0.0215547401049498,0.0248606212860345,-0.160657229140944,-0.00904804207675261,0,-0.0005615420771094,0.0162362158500751,0.0111720745674555,0.0255212808425812,0.0275480308277442,0.0295546854539703
64,0.161680236947822,0.374250257384701,0.304768015408651,0,0.371587460578967,0.351052777155844,0.368531222493953,0.369364263846645,0.340619974471038,0.361942519890628,0.371230623331061,0.368034219012451,0.368319282773137,0.329613285411993,0.343694132758539,0.343256511209616,0.345203583351613,0.355269868966513,0.372679386685019,0.371855438491079,0.374259406534741
65,0.337142529323472,0.511314494181561,0.464380719804809,0,0.509854577936139,0.484945812912284,0.508021958286494,0.511864204674895,0.499480797806999,0.499494266607471,0.506690614330414,0.510941172203746,0.510850810244654,0.42632584640538,0.501762180241802,0.498391322458,0.508491973368228,0.509550215800005,0.510892709884569,0.511156849457028,0.510954063259331
66,-0.0120653827705756,0.00302057158181906,0.00155044982449256,-0.00652436100227757,-0.00158617757263729,0.00270216439944519,0.00168321353438271,0.000599546656221829,-0.0426517489261824,-0.534087679677381,-0.0320429660655271,0.002494249380274,0.00320129169877905,-0.0119040499879215,-0.118121075540056,-0.000941287335701396,0,-5.98772977496824e-05,-0.0925365838531797,-0.000925967781904017,0.00358436024601864
67,-0.154320456323741,0.0560666007611442,-0.0247273893879901,-0.209961294382562,0.0569639089842121,0.0321763497530271,0.0516059046791252,0.0568000973923787,0.00337239673272962,0.0264718900392921,0.0512584747706014,0.0333108726150609,0.0578472444420942,0,-0.0246345640891978,0.00725668896614117,0.0483078085172124,0.0555876843525749,0.0570388792221998,0.0566311980825715,0.0579293100946526
68,-0.0497115585416894,0.0759928531731566,0.0619907896885124,-0.126840844348189,0.0759207911789383,0.0478080452525502,0.0711874427844534,0.0761781526784447,-0.0385958527473498,0.0376674767545704,0.0704411500861633,0.07291593521287,0.0761572019404193,0,-0.0950243471557771,0.0296223169758458,0.0163188423352354,0.0732834436376049,0.0758142898612192,0.0767477694301385,0.0768794611617783
69,0.0946219033221383,0.0889424313770409,0.0999233182422363,0.0854651986515566,0.0776289272578479,0.10264871847585,0.0943834938437082,0.0796855848514592,0,-0.209493869103344,-0.0472703912986072,0.101535346400477,0.10264212820171,0.0734891296973228,0.0685806356637868,0.0987488166173055,0.0920902391985835,0.0174931394159871,0.0932107430913315,0.0233528224380136,0.102345029300537
70,0.558032875033902,0.56138428161536,0.560753149406914,0.560576438542654,0.562209821025071,0.555018489888,0.562108659418026,0.562290603256381,0.550931128933851,0.558667444364428,0.561408574849993,0.55868119528473,0.554002334877554,0.560827405957173,0.548457325106786,0,0.270680060483181,0.561181043404634,0.562343249382221,0.562758965386938,0.562554081820801
71,-0.022862593482021,0.00517712220213379,-0.0112863909208307,-0.000532193570735914,0.014525002721017,-0.00161902914508011,0.0131809805293276,0.0156662320717201,0.0140756589859153,0.0132612197102764,0.0110754488491981,0,-0.419758898618417,0.0139095705707575,0.0114260753317516,-0.289272958158566,-0.00872908462151102,-0.00297345102848961,0.0129439388940735,0.0125250178484783,0.0133159451121868
72,0.467454752817221,0.470661445640975,0.474174127572323,0.459280756821303,0.476105887945908,0.441102961139609,0.474107607780527,0.427188805755717,0.47369983940087,0,0.379960496290622,0.459652459991531,0.474699543327424,0.37844919935491,0.447179012994147,0.460051554327009,0.442241427872045,0.45685617259668,0.475965404349307,0.47409619585717,0.475401498049106
73,0.22015127214442,0.276908032676057,0.243938493883649,0,0.277585998294825,0.272072176456367,0.265286778882641,0.277342106910186,0.209272353561789,0.271857041619106,0.274219962772859,0.271622910606606,0.27752746373111,0.0459865560256366,0.182180795547624,0.248097874031332,0.216711134666011,0.268422236594319,0.274534247670052,0.274969932995843,0.278359828091768
74,0.599383187809326,0.603181305807313,0.605691043372254,0.602842326639399,0.606576948725625,0.606408929407562,0.590258995902208,0.606622381662547,0.463265716856085,0,0.588414448819522,0.60740043002893,0.60658195799797,0.593154115813594,0.513849408195269,0.605146495552299,0.606486599057393,0.607427670751815,0.604981263451149,0.606711394771271,0.605857944982692
75,0.900047689458569,0.900846413980757,0.902221558566889,0.901883147160695,0.902922852136603,0.901941042671977,0.90251444406886,0.902172432314568,0.901884905115072,0,0.901777413218782,0.902048960342612,0.902339511317104,0.902479792919544,0.902313176797968,0.902007839721827,0.901604027150267,0.902853120247278,0.902720865936089,0.902027931406082,0.90216083745497
76,0.314009782016216,0.360732404590456,0.289991716871072,0.303402492177965,0.363039367104718,0.339302348410841,0.346596440108431,0.36225123520539,0.287190760315329,0.350543345482481,0.361387499554567,0.294999039310903,0.364308300823718,0.316712405943504,0,0.307262527029162,0.32492685591052,0.359735755811089,0.363205035441591,0.360843746994776,0.364285001155635
77,0.479447938205165,0.483543090179322,0.483499884269507,0.483149404208148,0.476074196334681,0.484000735910878,0.475220017085836,0,0.472594039101264,0.244761634759344,0.416299229735871,0.483271079448836,0.483908961741286,0.480981748117631,0.454660550140404,0.483780935372291,0.47336119015161,0.467726584572482,0.483342909401981,0.461564898277624,0.48401317646179
78,-0.286926535630459,0.297816952196964,0.300340642213124,0.301148766590615,0.300822422108117,0.288389023362188,0.301769800220013,0.299697113864256,0.301144804674552,0.301066444657104,0.300150605383408,0.300629648549777,0.300558599325253,0.301437772311777,0.300853877665879,0,0.297023556969143,0.299329028872288,0.30105324970887,0.300189473337433,0.300793537607637
79,0.280957616765537,0.313946798583442,0.308296941296756,0.261521553651829,0.312858388549669,0.300927500192487,0.291907331016762,0.31589948697713,0.196633777872692,0,0.312532975338848,0.304621816773912,0.31661669976743,0.238115476291733,0.132281096764206,0.278991068532172,0.313870656311657,0.315680503382344,0.315142253457447,0.306984738419096,0.316165557925442
80,0.0468124848557608,0.121211721402644,0.118743578007086,0.111401077266747,0.0973236890192626,0.107746768217781,-0.214249928532761,0.120388240107512,0.118153897948264,0,0.121733434324118,0.107906190083575,0.127016333808067,0.0826642071639977,0.0918378631585531,0.0705051123975094,0.11048633335254,0.120470842587011,0.0597743683843933,0.0910545722207323,0.126584089290779
81,0.517929574223688,0.526736509671387,0.527611926446732,0.524105921685081,0.470845126719799,0.51863466045246,0.52201008690185,0.398454474057705,0.524505981396848,0,0.442971066576829,0.527055797513514,0.529444508175111,0.523227985577505,0.503658306906933,0.523791635643623,0.526061648949806,0.523979327059928,0.528789463314847,0.517304426581656,0.529030427422291
82,0.227327759451593,0.223539257966215,0.228247224187317,0.228755445397752,0.228741914444452,0.228654961182576,0.228629105561324,0,0.227666512930263,0.1936267516772,0.227392963134098,0.227269571878547,0.228680610728606,0.22826515978119,0.228027263113439,0.22897146950306,0.219565209515381,-0.40231860766969,0.227713049023991,0.227249244032251,0.228376117347935
83,0.09524400485872,0.111005499578456,0.0552982631795567,-0.0455127964397215,0.115278134885876,0.107636969437549,0.104739915495613,0.104343764489696,0.00127955307232314,0.0515560616000335,0.101355959696565,0.0111435528476623,0.116960790271125,0,0.0351711314770513,0.0666977550807691,0.0522174992252869,0.102483442917434,0.115581460490551,0.112030037605813,0.11633762007239
84,0.0872173439597351,0.485651090435015,0.490370382445185,0.489859316840551,0.490253030564335,0.483349449689224,0.49180001003478,0.490009310009989,0.490181851175738,0.490757921951921,0.484467801026926,0.490362436503781,0.491214483174121,0.489915367484029,0.488807369962561,0,0.489990421070194,0.49033502843393,0.490520862428725,0.49065734504587,0.490994633339308
85,0.035312039699513,0.0417156504085102,0.0456175598497802,0.0398858666694307,0.0371936372455296,0.0460873311190209,0.0385517081617591,0.0433629143360636,0.0207736248345963,-0.0227969594479843,-0.389746588768914,0.040412956131344,0.0464536723835552,-0.203343112375277,0.0239614972420016,0.0402156677915854,0.0333341857685092,0.0424603673971545,0,0.0423463543228469,0.0461769859011501
86,0.502801114501444,0.508119882064368,0.510174361677628,0.468166232514812,0.501841496299367,0.510118002065754,0.508368105420316,0.43834579579691,0.45625315224125,0,0.468690359207165,0.509439132608904,0.510906299734735,0.430164805401775,0.492629763785778,0.50644042879203,0.493142091706174,0.464398404263555,0.510800174557588,0.509479707778142,0.510388874635215
87,0.20956726424895,0.238141762872967,0.138318892771635,0,0.227476669001314,0.148863349399593,0.225047396323013,0.208782454945178,0.192506808696633,0.204323930727806,0.234020978485436,0.19608017638244,0.237526692752655,0.202899014755813,0.215217832730158,0.19769996808479,0.145195082255085,0.186853079004189,0.235814441890499,0.217466719744006,0.238553836553715
88,0.628970037665381,0.706458035940568,0.719069977743889,0.718729126130765,0.713895011406741,0.718955128168303,0.718273072173829,0.717642499637178,0.718961957828036,0.71783520056734,0.716626918664023,0.716772672551373,0,0.718662185298198,0.718415139809051,0.67745845980106,0.688351621701419,0.712614173924535,0.714617179386798,0.715250018970488,0.718878662009906
89,0.63950974097062,0.647481805410439,0.666753953517616,0.664815769913246,0.665792234441279,0.667504006165886,0.667749689285551,0.512405471175899,0.666745329355136,0.653377643603999,0.665071072584937,0.666358149636514,0.668274480073064,0.666576040447899,0.667090543423612,0.656215156404594,0.654116237599171,0,0.666554218057461,0.666895992243494,0.66759768657319
90,0.0696974959736348,0.104405834515371,0.106334853370952,0.0139583077922593,0.107035967576088,0.104069206864333,0.104479588385035,0.102192634809353,-0.354946746575516,0.0668277209025193,0.101995527996206,0.103296995680175,0.109307886082091,0,0.0514229881071821,0.08883676657244,0.0734154249739185,0.0965154994387238,0.109311191659962,0.105396213101177,0.109547342840741
91,0.0784807723336916,0.0928397276252978,0.0516704562128901,0.0455901239515593,0,0.0944104705058142,0.0329125122746136,0.0980810796011815,0.0823166049254534,0.084391150640841,0.094856513086543,0.0413634961623206,0.100268226741079,0.0906768237199997,0.0943412495336813,-0.0143195216269476,-0.0514787816536499,0.09145995822783,0.0868466409023774,-0.0989527603713005,0.0999042530148467
92,0.880853495242321,0.881430660709347,0.881498212527885,0.88074108513628,0.872734042498141,0.88128761603936,0.881741259227272,0.876361377623605,0.879748773759766,0,0.86517271350424,0.881574794680697,0.880729568152087,0.880530465458407,0.88037975536853,0.881107667206188,0.88142813004884,0.880526760099826,0.879202791493624,0.877019629684266,0.881304057275344
93,0.0531683800119635,0.0850103803471632,0.0134034196296715,-2.37914226274699e-05,0.0828244235935491,0.0142067102454033,0.0692421516452109,0.0837147458974102,-0.0295018412626842,0.0741032326108299,0.0822280351297381,0.0365420704707704,-0.0944336106469813,0.0437620229279309,0,0.0105882149188483,0.0571093520050027,0.0827525380646008,0.078714803050155,0.0815235274364906,0.0868206354295736
94,0.0185858104777773,0.0483855908222845,-0.083211757680122,-0.0937696516746993,0.0430610410326057,0.0413142635706681,0.0402229009250489,0.0442273800060574,-0.132764067407756,-0.0547674318591202,0.0380502746715083,-0.0367501589339361,0.0495866854387333,-0.00592885810952837,0.0141227797863234,0,0.0111914887948715,0.043509149793382,0.0486693629794085,0.0423830001301572,0.0494455222214979
95,0.812753211431826,0.818746290301068,0.82246986446263,0.822411125777666,0.823057662365882,0.822292336304804,0.822249796865642,0.755660448652843,0.822694564221048,0.815337130920845,0.818875515957073,0.822245983453454,0.822517336178908,0.822039497977932,0.822407933409495,0.820416801105675,0.818198883947846,0,0.822743156258859,0.822553281444142,0.822055891096262
96,0.850000222512077,0.845732884060164,0.850001983626774,0.849201806770986,0,0.825957222308097,0.849520316936926,0.85020733346932,0.850780627803904,0.840628130527441,0.842527426990387,0.849544546828833,0.851011758935726,0.850483256778681,0.850842199706877,0.848537552297026,0.850082097454574,0.849574678559544,0.835733955520391,0.845266994916992,0.850853936297468
97,0,0.153455861818941,0.131973820520839,-0.0677032330231437,0.15211909524121,0.150372242645671,0.144507540536989,0.148452337555729,0.00352455814646169,0.143569048734355,0.145612179986883,0.14248596188365,0.157451132345742,0.0900482997306938,0.0972952681641518,0.0365745271634586,0.140095549138252,0.143368566467302,0.155186292166789,0.150219983301409,0.156719563926046
98,0.262600628364772,0.267509185093517,0.220892179499247,0.230818787209661,0.266138424312206,0.250181791954541,0.237922254245152,0.266177491555089,-0.0211340641360827,0.260028987203628,0.26727571677959,0,0.26887322632389,0.236916931941035,0.233490691905768,0.205760067094274,0.203740704331172,0.26570838870704,0.268605060843067,0.261652054472963,0.268895510878451
99,0.693454681792443,0.68981982410504,0.660840047320305,0.693056602753646,0.656117207279062,0.696400146162714,0.686738370701747,0.693709733696257,0.683216277690345,0.68124672675126,0.695375798779597,0.657399439647267,0.696338969125131,0.693620834251649,0.692817544470121,0,0.691157002866552,0.694445492215034,0.694379416683156,0.657240486856366,0.696765077389407
100,-0.0271205851369594,0.00925133761021014,-0.150882748435356,-0.173494900274257,0.00783286056877343,-0.0126693533033779,0.00560239462113832,0.00536649982437364,-0.0882040267369666,0,0.00690144720643432,-0.0410602142148356,-0.165248856020171,-0.0100727428121622,-0.00587223677625016,-0.080395889788375,-0.0160787833347477,0.00346880389692086,0.00935840323750979,0.00746832824543669,0.00976499394515457
101,-0.0843277681773382,0.069415916925196,0.0605739823697336,0.0310913762290289,0.0718738580625869,0.0239538478231118,0.0714786073895075,0.0375064496066846,0.0157903984635467,0.034659489886955,0.0735685727581202,0.0505887071765189,0.074834365315103,0.067515178181307,0.0565701783111215,-0.210097465699117,0.0075789859199319,0,0.0735809297527229,0.0711920420725329,0.0752600031118148
102,0.137470251498321,0.152928718932389,0.152274270340885,0.149896654405785,-0.290130725411015,0.116866370743003,0.149079753608178,0.0971206822255808,0.149888226963326,0.127836582942811,0.14589722838075,0.151481626228448,0.152242536180686,0.151655115397694,0.149204349748859,0.144624730529661,0.152340005642698,0.146049595008919,0.0144616338469812,0,0.15395250935161
103,-0.0595858144254054,0.0263140269436871,-0.0385615944665902,-0.0708118905025983,0.0212537575854908,0,0.0110643271373396,0.0146284759161302,-0.128568140294205,-0.0243403221205258,0.0167956468238145,-0.0458062263292202,0.0290636510633499,-0.0303589429761867,-0.0324077225248484,-0.0581272666432221,-0.0207826696575258,0.00924997162962164,0.0268748882041584,0.0183546774336518,0.028919917314902
104,0,0.0338897502937345,0.012437166435503,-0.028211266652014,0.0248975419788201,0.014332936893953,0.0222723912731683,-0.0159951279302058,-0.25424781746878,0.00909687978630436,0.0270550256189939,0.0100217708814051,0.0371710874889024,-0.0243939894425378,-0.0709805024109823,-0.0221795250046166,-0.00391936243998534,0.00169065590951579,0.0234444706130563,0.0255964985483948,0.0366908140187325
105,0.00421798090231766,0.00380237099155911,-0.0313057867490906,-0.00915539469052108,-0.297657691520797,0.00445570789891732,-0.0390588931028929,-0.0187036720620947,-0.00105948930509051,-0.116813962542486,-0.0330121306581081,-0.0597117415674662,0.00492037130373281,-0.00489199246675338,0.00159321894371222,0,0.00139814940992477,0.00230547626203054,-0.00453225933230435,-0.217077695860869,0.00552251227819031
106,0.0597033330073264,0.0854917372518983,0,-0.0243613571344201,0.0848072999591832,0.0482596987264876,0.0757941003435111,0.0819558408823485,-0.1695599212321,0.0784918026736697,0.0817570812212246,0.0171198847556701,0.0588224838625333,0.0472478707465469,0.0621868332652627,0.013758772234082,-0.0385065575919629,0.0754443601707767,0.0862257707287136,0.0844118413720989,0.0862028119824443
107,-0.00101165439724869,0.00729991829466092,-0.00129844770094698,-0.106891627203108,0.00686801972343767,0.00753439113418826,0.00704465181322664,-0.210648806045126,-0.0397331048641524,-0.0379562260301281,0.00411344921461633,0.0014652050384433,0.00968589859374201,-0.0147578030754252,-0.0142042649732008,0,-0.184070097882673,-0.179376298597457,0.00904084061003518,0.00589944388071125,0.00926117749999082
108,0.219759406069558,0.219223719330814,-0.447990996659675,0.212553424608762,0.218938118938623,0.21870581844365,0.218774748464238,0.219189215518583,0.215866127605775,0.218526596889622,0.218454442873959,0,0.212216374506589,0.218576153000177,0.21844326058938,0.201070206380792,0.217237843142254,0.21847935414641,0.219024688053181,0.21861151248025,0.218913285417
109,0.227264709591616,0.232868146796874,0.235012378322677,0.229246632064797,0.101655171536457,0.234538500236506,0.234273332138248,0.0325319132702284,0.234094201502823,0.107671982165358,0.150171238543269,0.234025102781137,0.217701430748362,0.233602233880696,0.234986679308023,0.233561473957675,0.190615289240547,0,0.22693267185492,0.202100439279167,0.235696316135063
110,0.0182495415564685,0.0561856823517638,0.0498633748916106,0.000353834643418663,0.037472113610844,0.0401385535173668,0.0316399405180285,0.0526175400705322,-0.0303193248879488,-0.178397520274997,0.0594445559982757,0.0360563180047955,0.0616211800633899,-0.000547817533621847,0.0291581978900338,0.00917644596013472,0.0375624501498383,-0.032744783056195,0.059896027322373,0,0.0623632530831078
111,0.0407309740109827,0.0846156425627011,0,-0.528071082360558,0.0839014325492551,0.0756123187854827,0.0842303074147177,0.0835453276862097,0.0487556943705714,0.0693680182709424,0.0815204071764535,0.0727817832983776,0.0850625225834513,0.066727230295584,0.0731222006582727,0.0492006819151958,0.064147592141179,0.0787674538199932,0.0844354498892664,0.0838248740840734,0.0850732080377306
112,0.577523294548095,0.59254767378567,0.594895247530024,0.518071778862556,0.596831945427531,0.593762259003509,0.592856259631761,0.570129338395601,0.569905500116183,0,0.589068710559428,0.590522129702339,0.596591145315334,0.533048085120996,0.587518995965234,0.592996108808214,0.57526614668481,0.561492852103902,0.596399629165553,0.593327364070925,0.596159004339831
113,0.77626938815921,0.768058358401063,0.777306995312442,0.77420757150895,0.77388641660852,0.774641444331483,0.767526086399542,0.709898083414717,0.773112982889802,0,0.76928735677974,0.770359691860272,0.776577054883093,0.772786736405936,0.776817616067033,0.777515206043976,0.775512704833295,0.77159387651366,0.776858828677943,0.767286016077487,0.776651552247062
114,0.127709500061045,0.145340481348953,0.109728709754044,-0.0206126722283363,0.144633937184192,0.137673067490772,0.131106032837748,0.127223006163926,0,0.0873355006644656,0.137191402636233,0.0580268823380899,0.146899008060017,0.018086489525802,0.0420147243099172,0.118513790319971,0.0909283637623489,0.128662377841474,0.145799013400457,0.142226730081311,0.146309122950748
115,0.0314592224070651,0.0654214831333849,0,-0.0695402547568726,0.0642955575618093,0.0614582409986474,0.0513280748627181,0.0480036865714815,-0.0604132067538942,0.0491015281197253,0.0609408484119386,0.00930385038603797,0.0669540234770976,-0.028988172684741,-0.099737991103803,0.0238691987728024,-0.0243194188618949,0.0417924721972124,0.0662020074731724,0.0632085330311593,0.0665871477184754
116,-0.171347613141559,0.201934116587894,0.242890722118965,0.239916653199897,0.240146795204098,0.192428850035994,0.242127380650261,0.240059396543129,0.242415573816362,0,0.234106227251817,0.238852847131416,0.242555455558234,0.240637982919213,0.242090804781884,0.151646861659598,0.201682708395118,0.24073253111401,0.243182952388629,0.239993927986768,0.242153715055632
117,-0.09195822989003,0.0520665779636803,0.0487514464288503,0,0.0599584451721838,0.0409555474001043,0.0487061813719705,-0.030602779191979,0.012432468902239,0.0323067593173536,0.0526053863761128,0.0500954694104891,0.0598904206200042,-0.00829337773666267,-0.0446077931919969,-0.0661082459039324,0.0122103346946244,-0.0507370825370425,0.058521107020445,0.0555160217251177,0.0593640746032478
118,0.0915566771961764,0.21239834799808,0.132721062521031,0,0.209871391932373,0.174925532802354,0.196712402819369,0.198629518773588,0.162755404503222,0.181810626682892,0.208708422054795,0.18307171374546,0.212145567691336,0.166836789442371,0.112231443366291,0.155487490345104,0.157457604657754,0.180829904829567,0.211692027835803,0.208882066217502,0.213182482667382
119,-0.0314030554526438,0.008803790164574,0.00714364437599551,-0.00210284894112097,0.0109051519972376,0,-0.00166139885981829,0.0107435110125654,-0.00947588522691636,-0.702598951367711,0.010133841488807,0.00866063204820282,0.0101394243238813,-0.0365836240909464,-0.0240796521599428,-0.00147862313555678,0.00723672188404498,0.0105508272793258,0.00867192232711951,0.00934491423060872,0.0100800063779263
120,0.38818255093316,0.382815043661253,0.392372816942087,0.390662415230559,0.389930037754265,0.391333220649335,0.391556862028396,0,0.392126033722141,0.0202449524326527,0.388957203115248,0.390756044147153,0.392175020360831,0.39115795424273,0.392442980773337,0.391790318625898,0.367834235231978,0.298032122180874,0.39273971021828,0.391681680985823,0.392088484015686
121,0.0473773328666741,0.0827094424593112,0.0756681505633067,-0.05738628231815,0.0850002040510825,0.0629168614997329,0.0716583778010777,0.0709884086015728,-0.0312592334291689,-0.00946713035909291,0.0765255661761686,0.0663120953876476,0.0845781144421139,0,-0.128247511521352,0.0486695967164194,0.0280420607798788,0.0605097985820493,0.082275277992619,0.0810998135969982,0.0854611482345945
122,-0.158777868771772,0.0559464187233794,0.034359053207151,-0.15501949743431,0.0561407599224663,0.0430526800915729,0.0535335500646864,0.0527851601468906,0.0197042090951403,0.0036910846981277,0.0530734662262036,0.0522072503384821,0.0545022869987243,-0.00136175556183604,-0.129551351407732,0.0196826672030033,0,0.0496872467645938,0.0550257859553962,0.0574763465983281,0.0567425308995356
123,0.538714028894119,0.582151246605716,0.589725564846796,0.588942391633828,0.590161453594106,0.588631823751635,0.589548428469535,0.400161159892,0.58930837496056,0,0.57247115464266,0.589631564366511,0.5895654942801,0.587905317747796,0.587349230392272,0.588508246738244,0.585580873505216,0.543257691166558,0.589369013084947,0.588818402264715,0.589025926320209
124,0.431916889593537,0.436240518385509,0.441061642572557,0.427883926788533,0.438182326184115,0.439363619639355,0.440035857887614,0.167514192257538,0.441665388628958,0.340576421181247,0,0.440486089722318,0.440419021650455,0.426139360563861,0.429101275483601,0.436462822531478,0.435235821989542,0.429479604140869,0.440552432500207,0.438762194081105,0.440784631585633
125,-0.116263937798173,0.0380076649152793,-0.0250615291676547,-0.107682846576943,0.0367070834225581,0,0.0272816930965601,0.0347069039956419,-0.0803043947040627,0.0100749101200082,0.0318602746085188,0.0117987910127216,0.0399420609341813,-0.0331559547188664,-0.049419388244785,-0.0504618158671288,0.00652099897125446,0.0307239216776046,0.0384514414212601,0.0354392428700496,0.03964698473955
126,0.670156459327758,0.764243976644625,0.765538374110017,0.760137404684458,0.767248323772934,0.766526983632846,0.761876442510056,0.767608759902497,0.753265811460473,0.760984872248537,0.76458988163021,0.766834464015265,0.767617307889366,0.761386603578496,0,0.760275133780238,0.758190472939933,0.758650873067416,0.766778379421492,0.766548967040422,0.767626692280354
127,0.829815443435439,0.828954201419273,0.829921395588598,0.828815830224276,0.830371305241471,0.829910210298802,0.829995328192072,0.773013061135289,0.830203621575337,0,0.829901263798399,0.829965515495481,0.829995159603345,0.829748959834728,0.829800310478105,0.829836630360511,0.827532301932039,0.813008000121094,0.830041050291325,0.829909883231504,0.829705516535279
128,-0.0438645533765271,0.0274023796640054,-0.408757963732601,0,0.0273042470549009,0.02554666248635,0.00702757770884632,0.0277436849421103,0.0018024347808426,0.0242083606301956,0.0252084855209891,-0.0630808424864095,0.0297620311208837,-0.0682848356143264,-0.0220543756048349,0.00500963787628225,0.0223542988228217,0.0270923993052514,0.0215870630432879,0.0264121560413888,0.0292377207279576
129,0.0277181706981769,0.0661981014608211,0,-0.0127600938011998,0.0619022935087656,0.0562991495049131,0.0292605182962922,0.0631998966081385,-0.0880551510346217,0.0553747506954978,0.0586942012056826,-0.01997143816729,0.0691660619811647,-0.0212154493688142,-0.0956241838111113,0.0240357137053811,0.0242668081261365,0.054125398429166,0.0680157792225608,0.0639618289535328,0.0698634798612586
130,0.817964855123369,0.829485797549445,0.803281771791464,0.813859594130473,0.82839796963591,0,0.827592185327836,0.830091710128367,0.828035601130901,0.826304942425774,0.829289582315549,0.822958317628988,0.828778496029404,0.826165017824038,0.82545860515398,0.823071207422738,0.828273051031842,0.829215238073856,0.829187943661171,0.829186889792567,0.830099731799524
131,-0.00368964372996296,0.0514109528422416,-0.0166485150365228,-0.292171561661605,0.0475326666663051,0.0464119096507486,0.0451909065562423,0.0466977178637945,0.0324247994972699,0.0282519340727609,0.0487075859869239,0.0294021137922105,0.0554156513896782,-0.124228981089595,0.0299907535801717,0,0.00888904389738978,0.0430789704996903,0.0517497426648832,0.044074970075894,0.0545045389305566
132,0.564967368742563,0.621357724071504,0.601543527588304,0.554052567052996,0.619710834842637,0.613609566056346,0.61845741607115,0.615541856450587,0.600954849591054,0.601720972578843,0.618739790501608,0.617842557216334,0,0.61098688994512,0.59465561117884,0.60486882561327,0.607957354527397,0.606441481274598,0.620034247854945,0.620138094670247,0.622123137808066
133,-0.0583637528381281,0.0397813299534484,-0.069129669550631,-0.161380344787016,0.0352734751698115,0.0303969144417662,0.0318295964292431,0.0197443879557213,0.0190497808991517,-0.0272704497041854,0.036887798549483,0.0294857306469159,-0.0941956242837413,0.0104519595923134,0,0.00713396040859811,0.0175052179885631,-0.00980605611810952,0.0356948793047081,0.0379764556697172,0.0423939788229281
134,-0.000371006025959103,0.0831157601477742,0.0609799816344229,-0.00620041823574687,0.0680968263115839,0.0625029176981756,0.0694165721952939,0.0535744923177465,0.015732858718872,0.0208193176250555,0.0724235361158222,0.0655037015789901,0.0557735567556667,0.0328685997957814,0.00196088926654234,0.00075376700801652,0,0.0165555322453749,0.0781837706397078,0.0762845675611336,0.087001698198844
135,0.00392530261699342,0.102664051865088,0.0645819685745652,-0.0417066767157469,0.0988822770877081,0,0.0946357770971254,0.093780006003627,0.0563959024322632,0.0249641504062813,0.0977392367935994,0.0923706277366808,0.0568471426849444,0.0514088986151789,0.030966766616094,0.0590747693090833,0.067365677554113,0.0748772791359469,0.102320633933288,0.101121345167763,0.107117220990405
136,-0.0395932533249835,0.0242238493669257,-0.05188443475266,-0.108752206377889,0.0170374824018654,0.00824366279797379,0.0139239789633419,0.00759180564670527,-0.00167571527591266,-0.00509578041616456,0.0187930641512052,0.00642565462250784,-0.319334047424951,0,-0.00153704356961811,-0.0103215893715145,-0.000929719002164889,-0.00474491767130546,0.0230419724694458,0.0188069749464517,0.0255656788641814
137,0.207584451472541,0.213592944952991,0.208422863472069,0.20440119898955,0.195416022833543,0.211382726864803,0.21148055113386,0,0.211185352915759,-0.286694568427957,0.144468736934699,0.212372784467808,0.21104789310092,0.207285688538229,0.201829152491664,0.208813070161368,0.205484294807529,0.183567152834349,0.207199889517088,0.207448947825891,0.213904576332288
138,-0.0364349470798683,0.0102187099467283,-0.0113641509831672,-0.103026966155395,0,0.00461719854813025,-0.00117853295512628,-0.0204393885766037,-0.0725564881926714,-0.0276296153129225,0.00355422456075986,-0.00520533340008334,-0.302468642715248,-0.0222917617079707,-0.0225638534720118,-0.0184635748391018,-0.0262935375343217,-0.0369723089305274,0.00946665704122387,-0.0021229241255297,0.0114434015609451
139,-0.0277184867942466,0.0525581752344776,0.0184689309026141,-0.0455193409482114,0.0415605186786325,0.0447771443009502,0.0331326460804293,0.0359240082235214,0,-0.0528975675978489,0.0249787533720944,0.0256013701886525,0.0179560490735539,-0.102177584282013,0.00303404134050406,-0.0196773749970535,0.0284126368847009,0.0224725014752209,0.0544650441850343,0.0496543829579247,0.0558595702183749
140,0.012172624081786,0.012455293986672,0.0121368940214702,0.00588023921331343,-0.454894216003882,0.0125020292449553,0.000459304896973052,-0.00709280847334792,-0.00947006370830857,0.00177199368746485,0.00957167160086938,0.0107725500648029,0.0137319509431996,0,-0.00592075441470016,0.00985850597961776,0.00415284226047665,-0.0168797063464235,-0.1985208992439,-0.0662239013054294,0.0135301919011816
141,0.119116136682278,0.137801393091167,0.134286503037676,0.0539535018854163,0.125265490019377,0.138088999858611,0.0633174059695623,0.129814122998379,0.0220338836847886,0.134948660471902,0.134381871151313,0.118883806026122,0.142663139893926,0.0498933207236717,0.0857522444038026,-0.00479517236695248,0,0.0870335717611276,0.140106688419071,0.124311949896608,0.142529700524561
142,0.420532131051258,0.425439213159639,0.424647171961566,0.415584441988214,0.351850307567049,0.428553274326425,0.422397787667293,0.423174828370611,0.424373365954683,0.187032372352973,0.389819761918146,0.426922955746495,0.42844758778767,0.424310039396087,0.409285049117669,0.42541122024089,0.427921643758908,0.41380189951203,0.390502964435059,0,0.428953553135462
143,0.0153682283545847,0.0647404850310474,0.00537038095465103,-0.0492880840997194,0.0637249210424725,0.0511784950318857,0.0594474271489388,0.0607869916281931,0.00791687998921489,0.0560106425649936,0.0628123053146268,0.0485069993092368,-0.362754377230328,0.0410348455899632,0.0401629237827785,0,0.0474015859757362,0.0565571741714043,0.0656268067185945,0.0644161243818592,0.0653815472163002
144,0.228565468869922,0.252506409254824,0.244766096802354,0.210280520043997,0.255667141499623,0.257848385250645,0.2472227153822,0.245592663584978,0,0.189904994760023,0.249903371463775,0.20289045238606,0.17204317285265,0.21664247821761,0.158099359520164,0.235280149892807,0.230115954700434,0.183662259658663,0.259643572210568,0.257052559680936,0.260038937550258
145,0.854110168904679,0.855028944113669,0.855499362957818,0.855852626837314,0,0.854852680026809,0.855566711920142,0.856128986116203,0.855581305525213,0.84104379862735,0.852857998535868,0.855307533244614,0.848251568699433,0.855725895834033,0.855803999130981,0.855601037482912,0.855806923014372,0.855448711002458,0.849673946830317,0.817728449969376,0.855125784558013
146,0.0542571305114993,0.0168324962087324,0,0.0154418744005801,0.065505454747227,0.056939841329261,-0.00101469574035039,0.0664705440793756,-0.139747953032377,0.0449054221820029,0.0543875235101422,-0.00172078703559932,0.0572248065869319,0.0230103087306885,-0.0451098822449591,-0.0603729478879723,0.0624270924868847,0.0625043202504446,0.0667908550515752,0.0619121947614059,0.0685031232156449
147,-0.125223098766969,0.0154260687697461,-0.0704451170226967,-0.0447993138770534,0.0167220585318398,-0.00042511524202591,0.0132004295647044,0.016278506021875,-0.0933809284019479,0.0165932234762752,0.0154286203490888,-0.0122194204587315,-0.146781476792123,0.00475376207693054,-0.0126462820423103,-0.179166465343869,0,0.0140961323388498,0.0173688701436279,0.0164725898124748,0.018793505149565
148,0.288542113567566,0.292484763952556,-0.241678053508126,0.260922630370954,0.292079690546089,0.289234306521421,0.28843453189217,0.291707322338812,0.274852980893497,0.288505296229842,0.289682774659744,0,0.293273660265849,0.284333059333965,0.286338972372266,0.287604734920765,0.290935988992429,0.292513263807485,0.293258982288175,0.290893517839695,0.293120204901349
149,0.00668700680482968,0.00600833163709827,0.00748423153265199,0.00480637362015298,0.00241525603836054,0.00717171353032597,0.00637790280485655,-0.297104328864042,-0.00449707442282161,-0.0196560496861969,-0.256846637980197,0.00427244469605555,0.00818882275834208,-0.081523592777368,-0.0294865790122246,0,-0.0536150980417707,-0.053380797507644,0.00728180925502133,0.00634767633043501,0.0087462072096124
150,0.00343970440823657,0.0246893132850079,-0.0843842598986559,-0.0785310479984275,0.0180843568143379,0.00119925179155693,0,0.0245166056001105,-0.109528196329901,0.0030645993778235,0.0182930390511617,-0.102990100342392,0.0261044558773632,-0.0292331710948328,-0.00443525646406633,-0.09643895524913,-0.0658202662039624,0.0234081285956495,0.0236596444198537,0.0138569554926372,0.0262282617785448
151,0.39414746047713,0.396369266067069,0.179629860089182,0.365538971860833,0.400528738069782,0.402665485355554,0.39114103854677,0.398644137900826,0.314908281650175,0.390181107797648,0.397811222354347,0,0.40237053648753,0.383905629766806,0.383399143425674,0.344108775346612,0.391527503949103,0.396283450252574,0.402171314335816,0.401481428568751,0.402610486042422
152,-0.00380583857038341,0.0169688044100518,0,-0.18773005698106,0.0104886231947477,0.0144446216748986,0.00252307853113517,-0.0083451400409621,-0.0846927482269363,-0.0276150329583815,0.00634939544653769,0.0103503318675,-0.251760048646053,-0.0272950388801291,-0.0496228756739392,0.00118542564105665,-0.00643500888953358,-0.00156456469955321,0.0140923084232187,0.0107944792577313,0.0176177275020346
153,0.141243536549832,0.196184361052636,0,-0.0767224904694952,0.192556112510466,0.174312731452096,0.188218186013733,0.187351117161257,0.146658226171175,0.17554222211772,0.192456107253001,0.136471468442409,0.194243606191158,0.151829269402396,0.168594608907732,0.132168350790635,0.153920245674012,0.179157624627718,0.195494376865636,0.191476650141962,0.196586393929892
154,0,0.111503247402473,0.000752230744705346,0.155235019299617,0.153841577285331,0.159056731711542,0.103574156506583,0.160071714942837,0.158793966931637,0.160145101248511,0.158525138784156,-0.200163179294996,0.160335912064374,0.158966538337537,0.159885592278937,0.045346801129481,0.158228400481105,0.158461682334504,0.159481945356051,0.148634300205285,0.15975841404786
155,0.646628075542453,0.645632886524766,0.648080781658908,0.647625923306904,0.646398593503963,0.647247666151178,0.648257954615265,0.634682902407046,0.580995077555331,0,0.630219305065488,0.646061521806895,0.647390250267022,0.643226333981449,0.521188210246943,0.646330498178968,0.626676099760036,0.629916694247494,0.647143573790649,0.64815959189806,0.646744755392063
156,0.210791787485706,0.239650014444991,0.214821480856047,0.117488244908798,0.234906571428094,0.241036922206614,0.234692802152847,0.131673617203169,0.132289792539009,0,0.209113681600069,0.204746075222006,0.24369937943642,0.218962507222357,0.166232523983948,0.233672244520607,0.226315877322545,0.20840855065879,0.242335548135259,0.231184983994923,0.242481149408409
157,-0.0775421119278312,0.00675279450887413,-0.0216545422415629,-0.0802752992563539,-0.0349482068589803,0.00471021587518522,-0.395110991780133,0.00445686123637446,0,-0.0260093963747387,0.0034060813376229,-0.0184000012233388,0.0101499133265787,-0.0392157371962317,0.000208027061217338,-0.0424482124290063,-0.0103311146548111,0.00807388998507462,0.000900784762152943,-0.00602294234770665,0.00930805033196534
158,0.919418989198961,0.918986398782861,0.919215097755523,0.920309841782136,0.919618609890466,0.919501192215932,0.919766463752258,0.919769116986622,0.919518787642088,0.920172318205853,0.919742025079778,0,0.920109068318564,0.919476183906099,0.919663286990674,0.919130631732186,0.919408816637124,0.919555964392289,0.91961581480599,0.919493319108558,0.919525930633367
159,0.202540487361759,0.205256418618429,0.204810257902501,0.205187277942059,-0.461052490384385,0.205497216929273,0.20467439234431,0.205059804471588,0.205018413409636,0.172112909745353,0.201855692556346,0.204951707141171,0.205275637996357,0.205336142223962,0.204043981560178,0.205391516415217,0.204500350510852,0.204930230072747,0.191817607836205,0,0.204729218607788
160,0.920412090959461,0.921441352279649,0.921658842833904,0.9215768809542,0.921491163376466,0,0.921142970281373,0.920866948054932,0.921673805353116,0.920880406190036,0.921194017210469,0.921469186894978,0.92099661183458,0.921356381560282,0.921497395769065,0.919349983153576,0.920956067512017,0.920441854569468,0.921353577083062,0.920870615378813,0.921254609017114
161,0.873632541495584,0.873041739015346,0.872890367647233,0.87217429825372,0.873578934590945,0.872415536295932,0.872851343935478,0.863806752716038,0.871603223750653,0,0.853419372167948,0.868419048958492,0.873367567117807,0.868336202307613,0.871953696000668,0.869907467300454,0.8710767757367,0.872225439936174,0.873341310208606,0.873059087235531,0.873010426816984
162,0.896633352360664,0.897451588647374,0.896824155532827,0.896796412372837,0.889455115727008,0.896962809878649,0.896608119362701,0.896852280319049,0.896798362858996,0,0.888158218067625,0.896891647078193,0.89684983368349,0.896645594350507,0.89746536204101,0.896314270677951,0.897000980072413,0.897734818754306,0.896891362617998,0.896269205167667,0.896515978439122
163,0.0862312956079141,0.0865424028828645,0.088138702503761,0.0869915793755777,0.0617374915282476,0.0866571415771832,0.0511238808445786,0.080278156349717,-0.0203277751837575,-0.342597736624333,0.0774636814097409,0.0753508800713702,0.0910693324700864,0.079752250160297,-0.00664754744489231,0.0789962315425209,0.0831563914129661,0.0680908832964462,0.0859373667073551,0,0.0904489384861008
164,0.914567332297751,0,0.915501903309028,0.915786116529809,0.915011216655947,0.914244616685036,0.915005340291255,0.913876117476234,0.91533646946816,0.915956836888342,0.915713871899055,0.916238231557436,0.915377080449264,0.915607586575454,0.915941183112518,0.915617584598044,0.915889849758176,0.915375966853701,0.915771176366947,0.915818973918689,0.915561628424705
165,0.184826099482482,0.234786452436218,0.234210172299181,0.213364598145983,0,0.252831383756555,0.207431141788505,0.177191551910904,0.251793350225127,0.17416579609883,0.163289809391226,0.244534310579255,0.255576985207575,0.234398204531814,0.240417506753521,0.238977993351298,0.240715642433854,0.196898489484167,0.223409205396509,0.21640792621526,0.254738033883077
166,0.0803706462173801,0.153010711422595,0.0851161330755858,0.022975444238047,0.164384166974325,0.166077567687902,0.141513338932766,0.168563205071237,0.0271942591667166,0.164657768379607,0.159668196845286,0.0785803527846617,0.168204648562696,0.110665421583457,0,0.110033423869232,0.157531314704352,0.165136004759419,0.16521244912061,0.154772855797239,0.167561353540356
167,0.525222916911668,0.536414465847665,0.520501571870428,0.490405489361908,0.535687211281425,0.524523311448706,0.527008206662435,0.535206655219196,0,0.531946194999514,0.534789513621038,0.522737404127251,0.537298828388639,0.5029902454514,0.327218890614502,0.51993635757564,0.529492956682726,0.53633369778795,0.536701121061813,0.532472277252754,0.536643548356232
168,-0.210671091303672,0.127205847958381,0,0.135679293407373,0.152755118679009,0.140196259954405,0.151757072713517,0.152641144395697,0.15182962539992,0.152405769345098,0.14721550626416,0.100400614845107,0.152357799348904,0.146727584911712,0.149710675456103,-0.110662861307764,0.125129663734812,0.146508072359545,0.151805823723861,0.149147131085469,0.151315643556146
169,0.403706783755673,0.476824293995433,0.531327515489592,0.531699539545239,0.48497407710343,0.532056298597564,0.533035465643898,0.533660102892459,0.531840837345278,0.510523237348001,0,0.528793648651399,0.534073680184367,0.52694415817736,0.531121211729383,0.508831288597586,0.480269747377322,0.531889330976698,0.530299204030638,0.528540742827697,0.534087905835153
170,-0.00756259603679156,0.0634177028600955,0,-0.066352176789561,0.0617143076729118,0.0189145319811413,0.0449773493569081,0.0618111531112392,-0.0167693871368541,0.0484152442209709,0.0596642735999282,-0.0419233125560384,0.0649654549124842,-0.0433326762754897,-0.0166956316095338,-0.020681984695505,-0.00108795085307321,0.0556185665584548,0.0641000673130284,0.0606851348214992,0.0648041372075936
171,0.0107017870407352,0.0408036888542661,0.0341151535155601,0.0232796060121579,0.0409086433120841,0.0456475662993397,0.0217650205294672,-0.155303745955668,0,-0.105751973556178,0.0358980818358999,0.0358129607962239,0.0473872372505987,0.0111719990698801,-0.0248685802823282,0.033716883693904,-0.049078769369114,-0.0964491273974085,0.0377304172691195,0.03430386310562,0.0466740794830549
172,0.475694022395349,0.47515133619668,0.47993310199044,0.479273175992189,0.480095692176632,0.478583681721094,0.48000059692255,0.076697784480635,0.480200927759029,0.477134847372076,0.47077719562755,0.479874585169931,0.479465990210704,0.47920457920377,0.479130999422772,0.478701804187174,0.47309359303291,0,0.480277813267017,0.478396445393516,0.479185309777939
173,0.00551862616428431,0.0421275901866509,0.0353016427301746,0,0.0244220467676068,0.0461009553299399,0.0326461622496525,0.0483044414346743,0.00975396004789336,-0.450359060440035,0.0433004014739084,0.0353445697935006,0.0493489321913353,0.0223270761876696,-0.00579963864900018,0.0266021685590336,0.0354392994369552,0.0383470116093273,0.0443291396261513,-0.015488415766733,0.0490233800249279
174,0.0185278227593288,0.0678336050491671,-0.0528622697092886,-0.0497057431809798,0.0648643320216945,0.0441433414659567,0.047320224789275,0.0633304994546936,0.00261535366384257,0.0341161522436413,0.056013542442846,0.00244564740843541,0.0713593592993454,0.0061236080160246,-0.0401981063856593,-0.013197976553566,0,0.0620657773758324,0.0688659740056078,0.0562275323207233,0.0715002869446085
175,0.220398349509885,0.223005334201647,0.223352953080712,0.222865371125919,0,0.221538060588681,0.219451106394433,0.223275239040969,0.223005348375566,-0.41604649983971,0.210174706678315,0.221842405867301,0.223975041509704,0.222651871389201,0.222793443679082,0.219475265144633,0.223550402060669,0.222931783605715,0.224206475583704,0.197108028233198,0.222732065224415
176,0.391553936394563,0.378239085966041,0.409485529056448,0.409047908650479,0.409960259902699,0.407393502065308,0.409550066725225,0.215195697970106,0.41018607437422,0,0.399272487258361,0.406596494877815,0.409946944763279,0.408540747062364,0.409468713050058,0.405157148745549,0.391392073095879,0.200583988626976,0.409901682220245,0.410469076552993,0.409722805368476
177,0.138740474450599,0.16040426556157,0.162870958290001,0.027875335507085,0.166720716700766,0.153423648826599,0.160373014980597,0.161729168030306,0.0187381152437547,0.12173284282437,0.154220467314995,0.145624974499824,0.169410350778655,0.0573513469482309,0,0.118979649978841,0.0747676603072702,0.150326267957675,0.168274915172434,0.165107863319565,0.169301768431014
178,-0.0805017829252028,0.0167475897466943,0.0149406912892057,-0.116651913941899,0.0188101589980862,0.0198429450186498,-0.00823410736910638,0,0.0104047367563654,0.0110483586686368,0.0206780921737515,0.0166607531238312,0.019857521369635,-0.00381590823255184,-0.2292798783348,0.00552378346238636,-0.0977623943895459,-0.140904627515375,0.0159281466702104,0.0149529060696549,0.0206421756774572
179,0.887013065650615,0.894738998494703,0.897455776681119,0.897471974934031,0.897983621064989,0.898150636335287,0.897856582880665,0.898859006546327,0.898333775643053,0.897957086868313,0.897252012806096,0.89777505983157,0.89800426921053,0.897993798730926,0.897326722452059,0.897424016743567,0.890579913654587,0,0.89759014762901,0.89745261022204,0.897691199741449
180,-0.245709180843357,0.0184107059115701,0.0222381127562885,-0.00909750329399504,0.0226534160426197,0.021061841525529,0.0187658986054073,0.0272723751344718,-0.106724192939,0.0264546547648679,0.00616566058931136,0.0219638461111856,0.0280007687598434,0,-0.290438446248402,-0.0151255586830668,0.0208914271222013,0.0277478616936584,0.0220851627487195,0.0158934583770916,0.027136765278769
181,-0.46203715724356,0,0.000211326533967507,-0.0426640255331841,0.026604258482916,-0.0251392387763055,0.0147700183195454,0.0282275753940301,-0.0135165803319694,0.0286917464778944,0.0259535007129196,0.00937136400492119,0.0272774674707894,-0.00394848593382939,-0.0125276903630952,-0.0399316173218375,0.0229261752794851,0.0258283641167903,0.0267652145748379,0.0284890471550194,0.02893283022542
182,0.866086812730085,0.87367653848327,0.872119927057043,0.869143551447612,0.874116318807615,0.873174921136027,0.873019431578729,0.873309971421999,0.854219685228927,0.859013028634287,0.873033108000504,0.872129184685875,0.874442561841461,0.86755928472576,0,0.870705256162673,0.871671525783288,0.873491078357029,0.873204183322115,0.874732955827926,0.874341720955576
183,0.0700171521458649,0.0793631637641382,0.106121893197878,-0.288777082594875,0.109553963292786,0.108541957134929,0.0798058682536595,0.111587149629436,0.101039483229588,0.103848771670746,0.108138841689755,0.082877491341674,0.109589598249247,0.0600847700105129,0.0879112059939958,0,-0.0676848228903498,0.103109731633121,0.109355443836595,0.10634056230373,0.10964639059934
184,0.889909338004736,0.87545528890106,0.891830908551267,0.891529632734466,0.892606022678313,0.892706886484458,0.892322945541814,0.882661501495909,0.892636087414111,0.892517320684898,0.893075582459276,0.892381499797937,0.892261001732279,0.892434700722608,0.892060542586158,0.89190237479973,0.891407062129376,0,0.89194196977503,0.892134548258404,0.892334713747676
185,0.0822321780935939,0.152031680629393,0.106804478083415,0,0.149490015817116,0.147582481929272,0.147789295602226,0.144706348126043,0.115798384045703,0.132993945011047,0.149751066855582,0.146899960223309,-0.298818903444194,0.135902686784727,0.12537260581096,0.120946444976872,0.138563805247865,0.136269086538379,0.15097045193347,0.149360934979458,0.15258819960683
186,0.851122744558267,0.859289399983372,0.839339155069753,0.849315055548709,0.856405358017611,0,0.856695957863947,0.860074140443361,0.859497670785705,0.855162235530302,0.859031455711325,0.853713653961516,0.859097523519315,0.859008498554512,0.857616936693702,0.857106599026003,0.85858742730959,0.858983039898161,0.858639453342895,0.857830674791757,0.859316266356102
187,-0.641638955974394,0.106210007138691,0.103672704214661,0.0972149208998756,0.102937822615381,0.102105810691708,0.105599694851567,0.10732909543687,0.106513327435537,0.103349702268567,0.102094236648446,0.105816605804443,0.106501074270557,0.104396726287752,0.104588085632589,0,0.104369141740838,0.105808182404034,0.102850337669194,0.0895800452451104,0.10717158644195
188,-0.0497794807996056,0,-0.0984182359278594,0.00262358253546911,0.0755653866531249,0.0278512550716059,0.0647550962117959,0.0842731993293635,0.0262428062583723,0.0721846761415525,0.0789568178297777,0.0360092722455962,0.0845945606623432,0.0615235930562381,0.0368888546457088,0.0180586741240081,0.0754388338958048,0.0800155054067093,0.0821690218356063,0.0763325074578592,0.0874294363975425
189,0.235542645809557,0.328583509373354,0.274024324698419,0.264027361874829,0.32472867783605,0,0.31570265319048,0.325104968026813,0.290081759643345,0.307464138780778,0.327487250176766,0.291866297900612,0.328149375478084,0.295373985442822,0.294287036222091,0.271603676960963,0.307029073523137,0.319224015634407,0.330726473124242,0.328081377871058,0.33325198280246
190,-0.10359941342987,0.00893788280202074,-0.0998228204778722,-0.155940753784654,0,-0.0381105870558532,-0.00435608947015121,-0.0058035886557141,-0.0118150479132392,-0.0418470852602155,-0.0024093374044047,-0.0120569435703237,-0.00141831394790944,-0.0298525861733005,-0.0247360219895969,-0.0914510896375489,-0.0370541329394231,-0.0209966566340984,0.00560464543321381,0.00561774520105587,0.0127039399232181
